id;file;file_content_type;shomare;tarikh_name;mozoo;file_type
1;../fake-data/blob/hipster.png;image/png;62316;2020-12-21T10:48:49;Orchestrator Supervisor;KhoroojiBilanSeSalGhabl
2;../fake-data/blob/hipster.png;image/png;58773;2020-12-20T19:02:54;Bedfordshire Handmade Steel Chips Arkansas;BarnameHesabResi
3;../fake-data/blob/hipster.png;image/png;70458;2020-12-21T03:58:18;systematic Virgin Islands, British evolve;GardeshkarBarnameHesabresi
4;../fake-data/blob/hipster.png;image/png;97649;2020-12-20T22:22:40;Jewelery River Pants;VoroodiBilanSalGhabl
5;../fake-data/blob/hipster.png;image/png;71473;2020-12-21T09:02:08;Malaysia Sharable Tajikistan;MostaKhreje
6;../fake-data/blob/hipster.png;image/png;42483;2020-12-21T13:54:40;Hollow program platforms;VoroodiBilanSeSalGhabl
7;../fake-data/blob/hipster.png;image/png;92593;2020-12-20T17:29:36;Chair Sleek Haven;MadarekBarnameHesabResi
8;../fake-data/blob/hipster.png;image/png;98006;2020-12-20T23:30:08;Personal Loan Account Computers dynamic;Madarek
9;../fake-data/blob/hipster.png;image/png;86899;2020-12-21T08:45:54;Massachusetts Marketing XML;BankEtelaati
10;../fake-data/blob/hipster.png;image/png;74423;2020-12-21T13:07:36;array help-desk;MostaKhreje
